{"cameraMode":{"drawMode":0,"name":"Shaded","section":"Shading Mode"},"sceneLighting":true,"audioPlay":false,"sceneViewState":{"showFog":true,"showMaterialUpdate":false,"showSkybox":true,"showFlares":true,"showImageEffects":true,"showParticleSystems":true},"in2DMode":false,"pivot":{"x":-0.3963651657104492,"y":3.1825356483459474,"z":-0.06280851364135742},"rotation":{"x":0.2228860706090927,"y":-0.6678222417831421,"z":0.22049285471439362,"w":0.6750714182853699},"size":9.81249713897705,"orthographic":false}