{"cameraMode":{"drawMode":0,"name":"Shaded","section":"Shading Mode"},"sceneLighting":true,"audioPlay":false,"sceneViewState":{"showFog":true,"showMaterialUpdate":false,"showSkybox":true,"showFlares":true,"showImageEffects":true,"showParticleSystems":true},"in2DMode":false,"pivot":{"x":-6.0822601318359379,"y":4.280867576599121,"z":-3.384707450866699},"rotation":{"x":0.05487731844186783,"y":-0.9420154690742493,"z":0.19134671986103059,"w":0.2701624035835266},"size":8.997790336608887,"orthographic":false}