{"cameraMode":{"drawMode":0,"name":"Shaded","section":"Shading Mode"},"sceneLighting":true,"audioPlay":false,"sceneViewState":{"showFog":true,"showMaterialUpdate":false,"showSkybox":true,"showFlares":true,"showImageEffects":true,"showParticleSystems":true},"in2DMode":false,"pivot":{"x":-7.213797569274902,"y":2.993825674057007,"z":-0.9122792482376099},"rotation":{"x":-0.11192198842763901,"y":0.8353676795959473,"z":-0.1848582774400711,"w":-0.5055099129676819},"size":10.406442642211914,"orthographic":false}